short_content,true_label_name,pred_label_name,confidence,is_correct,example_type
"Kart, kulüp m&naj&ri oldu Y; Sarayönü Belediyespor, transferde ilk bombayı idari kısımda patlattı. eşil siyahlılar kulüp menajeri olarak Sarayönü Belediyespor ile özdeşleşmiş isimlerden Niyazi Kart ile anlaştı. Bunun yanı sıra takımın başarılı Teknik Direktörü Ahmet Kök ile de sözleşme yenilendi. Sarayönü Belediyespor da 12 yıl oyuncu olarak, 8 yıl",spor,spor,0.9997236,True,correct_high_confidence
"Beşiktaş tan Göztepe ye.. Yeni yönetimle şampiyon olacak bir kadro kurmak için kolları sıvayan Göztepe, ilk transferini Beşiktaşlı Koray Yıldız ı alarak gerçekleştirdi.Sol bek mevkiinde görev yapan, Sancaktepespor ve Kızılcabölükspor da kiralık olarak forma giyen 19 yaşındaki oyuncuyla ön protokol imzalandığı açıklandı. Resmi imzalar önümüzdeki gün",spor,spor,0.99972314,True,correct_high_confidence
"Cauı i dizfiflii EyfıiıniiiF dG BEKO Basketbol Ligi nde en azından play-off oynayacak bir kadro kurmaya çalışan Ereğlispor, transfere devam ediyor. Ereğli, 2 sezondur Tofaş formasını terleten Can Özcan la anlaşma sağladı. 23 yaşındaki oyuncu son sezonunda Tofaş ta az süreler alarak 1.6 sayı ve 1.2 ribaund ortalamaları tutturdu. Can Özcan, daha önce",spor,spor,0.9997222,True,correct_high_confidence
"Bucaspor un başı dertte Bucaspor, 600 bin Euro bonservis bedeliyle Galatasaray a verdiği Umut Gündoğan a karşılık ön protokol imzalattığı genç golcü Anıl Dilaver ve Şanlıurfaspor dan yuvaya dönen Yasin Avcı ya resmi imza attıramamanın sıkıntısını yaşıyor. Eski oyuncusu Koray Çölgeçen in alacağı nedeniyle transfer yasaklısı olan İzmir temsilcisini, ",spor,spor,0.9997217,True,correct_high_confidence
"KocasinanGençUk kaçana yanıyor... Esentepespor karşısında 3-2 mağlup ayrılarak haftayı puansız tamamlayan mavi beyazlı takım kaçan aalibivete yanıyor. SÜPER Amatör Kümede ateş hattının içinde yer alan Kocasinan Gençlikspor, Esentepespor karşısında alınan mağlubiyete yanıyor. sahadan mağlup ayrıldık. dedi. Esentepespor maçını unuttuklarını ve bu haf",spor,spor,0.9997216,True,correct_high_confidence
"4 % Q -r Derince yarını bekliyor, Hafta içi mesaisinde Refahiyespor karşısında sezonun en kötü futbolunu ser- gileyen sarı lacivertli ekibimiz rakibinden bir puan almayı başarmıştı. Derince 4 Belediyespor yarın oynayacağı Belediye Bingöl maçını beklemeye başladı TEKNİK direktör değişiminin ardından adeta patlama yapan Derince Belediyespor üst üste ",spor,spor,0.9997209,True,correct_high_confidence
.ra transfer döneminde sol beke mutlaka takviye yapacak olan Torku Konyaspor da düşünülen ilk isim Beşiktaş ta şans bulmakta zorlanan Ramon Motta oldu. Brezilyalı savunmacıyı takıma kazandırmak isteyen Yeşil-Beyazlılar da sportif direktör Murat Erdoğan bu transferi gerçekleştirmek adına görüşmelere başladı.Beşiktaş ta kadroya girmekte zorluk çeken ,spor,spor,0.9997205,True,correct_high_confidence
"ECZACI BAŞI GENÇLERİ 2. Etaba lider başlayacak ? ECZACIBAŞI Genç Takımı, Ankara da oynanan Türkiye Gençler Ligi birinci etabını lider bitirdi. A Grubu nda mücadele eden Eczacıbaşı Genç Takımı sırasıyla; Beşiktaş, Bursa Büyük Şehir Belediyesi, Nilüfer Belediyesi, Çanakkale Belediyesi ve Galatasaray la karşılaştı. Türkiye Gençler Ligi ikinci etap kar",spor,spor,0.9997205,True,correct_high_confidence
Transfer harekatı başlıyor Sakaryaspor da Başkan Selahattin Aydın ın Taner Demirbaş sorununu çözmesinin ardından transfer konusunda gaza basıldığı bilgisi alındı. Yeşil-siyahlı camiada 1-2 haftadır beklenen haber sonunda geldi. Yönetimin transfer sorununun en önemli gündem maddesi olan Taner Demirbaş olayını çözmesinin ve Taner den gerekli olan res,spor,spor,0.9997203,True,correct_high_confidence
"Şimşekler dün eğlenceli geçen spinning çalışması yaparak tatile çıktı. . Şimşekler dün yapılan çalışmanın ardından 1 günlük izne çıktı. Yeni sezon hazırlıklarını I tesislerde yoğun bir tempoda sürdüren Eskişehirspor dün sabahda yapılan kuvvet, daf yanıklılık ve I koordinasyon I amaçlı spinI ning çalışI ması ile devam etti. Yorucu olmasına rağmen ol",spor,spor,0.99972016,True,correct_high_confidence
Savunma sanayicileri buluşuyor Bursa Sanayicileri ve İşadamları Derneği (BUSİAD) ile Savunma ve Havacılık Sanayii İmalatçıları Derneği (SASAD) işbirliğinde ilki Bursa da düzenlenen buluşmanın ikinci ayağı Ankara da gerçekleşiyor. Savunma Sanayicileri Ankara Buluşması adıyla düzenlenecek etkinlikte ikili görüşmeler gerçekleştirecek. İlki Bursa da Sa,ekonomi,gündem,0.9996145,False,wrong_high_confidence
"MSPO Fuarında En İyi Stant Tasarımı Ödülü ROKETSAN ın Oldu ıyla da adından 5 söz ettiren ROKETSAN, 6-9 Eylül tarihleri arasında Polonya da düzenlenen MSPO fuarından ödülle döndü. Firmanın standı, 30 ülkeden yaklaşık 600 firmanın katılım sağladığı fuarda, Uluslararası En İyi Stant — Tasarımı ÖdüUTne layık görüldü.",kültürsanat,gündem,0.9995541,False,wrong_high_confidence
"Yeni nesil hava gemileri üç boyutlu teknolojilerle tasarlanıyor... Aeros, Engineered to Fly çözümüyle üç boyut deneyimini yaşıyor. Bu çözüm, yeni nesil hava araçlarını pazara sunmak için gerekli olan tasarım işbirliğini gerçekleştirmeyi kolaylaştırıyor... Dünyanın en büyükyazılım şirketlerinden biri olan 3DEXPERIENCE Şirketi Dassault Systemes, 3DEX",teknoloji,gündem,0.9995441,False,wrong_high_confidence
"Hedefimiz Sırbistan a gitmek NTHA Önümüzdeki günlerde Ankara da yapılacak olan Balkan Şampiyonası milli takım seçmelerine katılacak olan atletizmcileıimiz önce milli takıma tekrar seçilmeyi, ardından da ilimizi ve ülkemizi Sırbistan daki Balkan Şampiyonasında temsil etmeyi hedefliyor. Halen Nevşehir de Kapadokya Kamp Eğitim Merkezinde kampta buluna",siyaset,spor,0.999537,False,wrong_high_confidence
"GTA yapımcılarına kafa ayan Cem Şancı cem@level.com.tr Beni Eskiden Bir Kız Çok Üzdü Oyun dünyasını sallayan yeni haberi duymuş olmalısınız Ünlü suç kariyeri yapma oyunu GTA serisinin beşinci oyunu henüz PC Ier için çıkmadı ve pek çok PC oyuncusu GTA V ı bekliyor, biliyorsunuz. Oyunun yapımcıları, GTA V in PC için 27 Ocak 2015 te piyasaya çıkacağın",kültürsanat,teknoloji,0.9995284,False,wrong_high_confidence
E KOKULU ÇALAR SAAT Uykunuzun en tatlı yerinde bas bas bağırıp okula işe uçağa yetişmek için kalkmanız gerektiğini söyleyen çalar saatinizle aşk yaşadığınız söylenemez değil mı7 Hadi itiraf edin ondan nefret ediyorsunuz. Ama yalnız değilsiniz. Hatta çalar saatlerden sizden daha çok nefret eden bir arkadaş var ve bakın ne üretmiş7 19 yaşındaki Frans,kültürsanat,teknoloji,0.99952805,False,wrong_high_confidence
"Sosyal Sorumluluk Projeleri Boğaziçi Üniversitesi Görme Engelliler Teknoloji Laboratuvarı (GETEM) ve Türk Telekom, Türkiye nin ilk telefon kütüphanesini hayata geçirdi. Telefon Kütüphanesi Projesi ile yüzlerce sesli kitap 0 800 219 91 91 numaralı telefon üzerinden görme engelli Türk Telekom müşterilerine ev telefonları üzerinden ücretsiz olarak r s",eğitim,teknoloji,0.9995209,False,wrong_high_confidence
"Otokar zırhlı da hız kesmedi OTOKAR, savunma sanayisine yönelik ürünlerin satışında bu yıl önemli bir büyüme yakaladı. 10 dammw m M Otokar zırhlı da hız kesmedi Otokar, savunma sanayisine yönelik ürünlerin satışında bu yıl önemli bir büyüme yakaladı. Şirketin bu yılın ocak-eylül dönemindeki zırhlı araç satışları geçen yılın aynı dönemine göre yüzde",ekonomi,gündem,0.99952054,False,wrong_high_confidence
"Sayısal uçurum da eski hikaye... Londra ela ıı Dünyaya ısı Kuzey-Güney bölünmesi, Internefde sürüyor Burada gördüğünüz gazete kesiti, bugün de süren bir sorunun 19 yıl önceki durumu... 1995 te interneti dünya üzerinde kullananların sayısı sadece 40 milyonken bile sayısal uçurum diye bir konu varmış. Şu farkla: Adı, sayısal uçurum değil henüz, Kuzey",dünya,teknoloji,0.99947554,False,wrong_high_confidence
"Anonymous Türkiye ye ne kadar zarar verdi? 14 Aralık tan beri Türkiye internet alt yapısına saldıran Anonymous, 24 Aralık tan itibaren de bankacılık servislerini DDoS saldırıları ile çökertmeyi başardı. Peki tüm bu zararın boyutu ne kadar? Rusya ile yaşanan savaş uçağı krizi sonunda fiili çatışmaya donuştu. Ancak bu çatışma gerçek dünyada değil, sa",ekonomi,teknoloji,0.9994752,False,wrong_high_confidence
"Çanakkale Kazdağı ve Yöresi Ekolojik Mücadele Çalıştayı Çanakkale Kent Konseyi Çevre Meclisi ve paydaşları tarafından düzenlenen Çanakkale Kazdağı ve Yöresi Ekolojik Mücadele Çalıştayı Çimenlik Kalesi Yüzbaşı Ahmet Saffet Konferans Salonunda yapıldı. Çalıştaya; Çanakkale Kent Konseyi Çevre Meclisi Genel Kurul çağrı listesinde bulunan, başta Çanakka",siyaset,kültürsanat,0.2987347,False,low_confidence
"İlk shovvroom a yeni model Uzun süredir ülkemizde satışa sunulması beklenen Lexus ilk showroomunu bu ay İstanbul Maslak ta açıyor. Lüks Japon marka Detroit te 5,0 litre V8 motoruyla 600 beygirlik yeni spor modeli LC yi sergiliyor. LC, bu yılın ortasında Avrupa da satışa çıkacak.m",ekonomi,spor,0.30163568,False,low_confidence
"VVV Beatle daha hızlı yürüyecek ?? Alman otomobil üreticisi Volk swagen EA888 turbo şarjlı 2,0 litre TSİ motorunu yeniledi. 10 beygir daha güçlü yeni motor Beatle turbo ve Jetta GLI modellerinde kullanılacak. Yeni motor ile Beatle Turbo Coupe nin 0-100 km s hızlanması 0,2 saniye iyileşerek 6,6 saniyeye inecek.",ekonomi,spor,0.3117238,False,low_confidence
"bir kişide bonzai Edirne de 1 kişide 0,7 gram bonzai ele geçirildi. Edinilen bilgilere göre, Emniyet Müdürlüğü Kaçakçılık ve Organize Suçlarla Mücadele Şube Müdürlüğü ekiplerince yapılan çalışmalar sırasında G.M adlı kişi tarafından yere atılan maddenin bonzai olduğu anlaşıldı. 3 fişek halinde 0,7 gram bonzaiye el konulurken G.M isimli kişi hakkınd",dünya,siyaset,0.3177252,False,low_confidence
"SEVGİNİN BİLİMSEL FOTOĞBAFI Çanakkale Onsekiz Mart Üniversitesi Bilimsel Araştırma ve Teknoloji Merkez Laboratuvarı, 14 Şubat Sevgi Gününe atıfta bulunarak sevginin bilimsel fotoğrafını çekti Çanakkale Onsekiz Mart Üniversitesi Bilim Teknoloji Uygulama ve Araştırma Merkezi Merkez Laboratuvarı 14 Şubat Sevgi Gününe atıfta bulunarak sevginin bilimsel",teknoloji,teknoloji,0.33427876,True,low_confidence
i ııdız ieknık Umversıt ve Güneş Enerjisi ile çalışan tekne yapılt dolum tesisinin açılışında ılkdolumyapıldı IKTKIHBSt stanbul Büyükşehir Belediyesi ve UNIDO-ICHET yapılan Hidrojen ve Güneş Enerjisi ile çalışan tekne ilk işbirliğiyle hizmete açıları kez hidrojen dolumu yapılan .Türkiye nin ilk hidrojen deniz taşıtı oldu. dolum istasyonunun açılışı,ekonomi,teknoloji,0.35782495,False,low_confidence
"Birbirimizden farklıyız ama çok mutluyuz tt ALTINDAGLI gençlerin sağlıklı gelişimleri için her biri birbirinden faydalı seminerler düzenleyen Altındağ Belediyesi, altın gençleri yine anlamlı bir seminerde buluşturdu. Ankara Müftülüğü tarafından verilen Farklılıkları kabul etme konulu seminere büyük ilgi gösteren gençler, ayrımcılık yapmanın ve fark",kültürsanat,kültürsanat,0.36786366,True,low_confidence
"18 Arafat hMutm düzenlenen fören e olK ay seri de 18 .av ukat, düzenlenen törenle ruhsatlarını alarak resmi olarak görevlerine başladı. 7 ayseri 1 Barosu JLL.Konfera ns salonunda gerçekleştirilen törene 18 avukat ve yakınları katıldı. Törende stajlarını başarı ile tamamlayan 18 avukata Kayseri Baro Başkanı Fevzi Konaç tarafından av ukatlık ruhsatla",ekonomi,kültürsanat,0.37812173,False,low_confidence
"2,5 santimetre fark9 uyku kalitesini arttırıyor Okyanusaşırı, uzun bir uçuştasınız. Arka tarafta, üçlü koltuğun ortasında oturuyorsunuz... Eni daha mı geniş, yoksa ayak uzatma mesafesi daha mı uzun olan koltukta rahat uyursunuz? İşte cevabı... Uğur Cebeci ucebeci@hurriyel.com.tr KOKPIT Uçakta uyuyabilir misiniz? Kısa uçuşlarda bu belki önemli değil",dünya,ekonomi,0.38638702,False,low_confidence
Facianın Eşiğinden Dönüldü Ereğli Devlet Hastanesi yolunda devam eden altyapı çalışmalarının y ü r ü t iı 1 düğü esnada cloğalgaz borusu patladı. Patlayan borudan çevreye yayılan doğalgaz bü)iik tehlike yarattı. Çevrede güvenlik önlemi alan ekipler yetkililere haber verdi. Olay yerine gelen doğalgaz firması çalışanlarının boruya ait vanayı kapatara,kültürsanat,ekonomi,0.40082216,False,low_confidence
