short_content,true_category,predicted_category,confidence,second_predicted_category,second_confidence,top2_margin,is_correct,agent_decision,assigned_route,needs_human_review,agent_explanation
"İndirime kanmayın isviçre Seyahat Acenteleri Federasyonu, yurtdışına çıkacak vatandaşlarına terör riski yüksek olmasından dolayı Türkiye başta olmak üzere ispanya ve Portekiz deki indirim fırsatlarına kanmamaları gerektiğini ifade etti. isviçre Seyahat Acenteleri Federasyonumdan yurt dışına gidecek vatandaşlarına seyahat uyarısı geldi. Federasyon, Türkiye başta olmak üzere ispanya ve Portekiz de t",dünya,ekonomi,0.9357523322105408,dünya,0.0586028844118118,0.8771494477987289,False,Otomatik yönlendirme,Ekonomi haberleri editör masası,False,Model tahmine yüksek güven duyuyor ve ikinci tahminle arasındaki fark yeterli. Haber doğrudan Ekonomi haberleri editör masası birimine yönlendirildi.
"Ç- -C - K Kurtarıcı ana-baba olmayın... Geleceklerini Okulda Diyabet başladı Çoğu anne-baba, doğru olmadığını bile bile çocuklarına karşı aşırı hoşgörülü, aşırı koruyucu ve aşırı kurtarıcı davranır. Çocuklar daha mutlu olsun diye yapılan bu yanlışlar, ne yazık ki onları sorumluluktan, hedef sahibi olmaktan ve başarıya ulaşmaktan alıkoyabilir. Eyüboğlu Eğitim Kurumları Çamlıca Kampusu nda düzenlene",sağlık,eğitim,0.9969780445098876,sağlık,0.0014871284365653,0.9954909160733224,False,Otomatik yönlendirme,Eğitim haberleri editör masası,False,Model tahmine yüksek güven duyuyor ve ikinci tahminle arasındaki fark yeterli. Haber doğrudan Eğitim haberleri editör masası birimine yönlendirildi.
"Güneşten korunmak için Tom Ford gözlük koleksiyonu Gemi seyahatlerinde yarımıza alacağınız ilk aksesuarlardan biri olan gözlük sevimi sun derece önemlidir. Tom Ford gözlük koleksiyonu bu yaz klasik, zamansız, günün her anında kullanılabilen parçalardan ilham alına rak tasarlandı. Koleksiyonda 1950 ler kendini yemden gösterecek. Sarışın ıkonların. masum yüzlerin ünlü olduğu senelerden günümüze kada",magazin,kültürsanat,0.969874918460846,magazin,0.0159748196601867,0.9539000988006592,False,Otomatik yönlendirme,Kültür-sanat editör masası,False,Model tahmine yüksek güven duyuyor ve ikinci tahminle arasındaki fark yeterli. Haber doğrudan Kültür-sanat editör masası birimine yönlendirildi.
"EKUV0H IBM in geleceğin yazılımcılarını yetiştirmek amacıyla gerçekleştirdiği IBM Yazılım Akademisi 2011 yarışmasına kayıtlar başladı. Başvuruları 31 Aralık 2010 a kadar sürecek yarışmanın ana teması: Akıllı Dünya Çağına Hoş Geldiniz p İki 2008 yılında gerçekleştirilen ve bugüne kadar 3400 öğrencinin katıldığı IBM Yazılım Akademisi başlıyor. Kayıtların 31 Aralık 2010 a kadar süreceği, final raporu",gündem,teknoloji,0.9950426816940308,gündem,0.0039288043044507,0.99111387738958,False,Otomatik yönlendirme,Teknoloji haberleri editör masası,False,Model tahmine yüksek güven duyuyor ve ikinci tahminle arasındaki fark yeterli. Haber doğrudan Teknoloji haberleri editör masası birimine yönlendirildi.
"Sosyal Sorumluluk Projeleri Boğaziçi Üniversitesi Görme Engelliler Teknoloji Laboratuvarı (GETEM) ve Türk Telekom, Türkiye nin ilk telefon kütüphanesini hayata geçirdi. Telefon Kütüphanesi Projesi ile yüzlerce sesli kitap 0 800 219 91 91 numaralı telefon üzerinden görme engelli Türk Telekom müşterilerine ev telefonları üzerinden ücretsiz olarak r sunuluyor. GETEM ve Türk Telekom işbirliği ile haya",eğitim,teknoloji,0.9995208978652954,ekonomi,0.0001307182537857,0.9993901796115096,False,Otomatik yönlendirme,Teknoloji haberleri editör masası,False,Model tahmine yüksek güven duyuyor ve ikinci tahminle arasındaki fark yeterli. Haber doğrudan Teknoloji haberleri editör masası birimine yönlendirildi.
"2 YILDIR YATIRIM YAPIYOR Samsung 5G yi test etti geçer notu aldı Samsung Electronics, Çin Mobil Araştırma Enstitüsü (CMRI) ile birlikte 5G prototip denemesini başarıyla tamamladı. Şirketten yapılan açıklamaya göre, Pekin de gerçekleştirilen 5G deneme testi sırasında, uzaysal modülasyon ve FBMC (Süzgeç Öbeği Çoklu Taşıyıcı) gibi önemli teknolojiler üzerinde çalışıldı. Bu teknolojilerin düşük frekan",gündem,teknoloji,0.9993075132369996,gündem,0.0003715477359946,0.9989359655010048,False,Otomatik yönlendirme,Teknoloji haberleri editör masası,False,Model tahmine yüksek güven duyuyor ve ikinci tahminle arasındaki fark yeterli. Haber doğrudan Teknoloji haberleri editör masası birimine yönlendirildi.
"Cezaevine ziyarete gitti, tutuklandı Denizli den Çine ye gelerek cezaevinde yatan oğlunu ziyaret eden kadın, Denizli Cumhuriyet Savcılığı tarafından uyuşturucu satmak suçundan arandığı tespit edilince tutuklandı. Edinilen bilgiye göre, Çine A-3 Tipi Kapalı Cezaevinde işlediği bir suçtan dolayı mahkum olan M.C. nin ziyaretine gelen anne G.C. nin (63) daha önceden hakkında uyuşturucu satmak suçundan",siyaset,dünya,0.9931498169898988,siyaset,0.003747264156118,0.9894025528337806,False,Otomatik yönlendirme,Dünya haberleri editör masası,False,Model tahmine yüksek güven duyuyor ve ikinci tahminle arasındaki fark yeterli. Haber doğrudan Dünya haberleri editör masası birimine yönlendirildi.
"Mardin turizmine terör darbesi Terör, Mardin turizmine darbe vurdu. Kentte, 6-8 Ekim olaylarından bu yana 7 otel kapandı, 6oo ü aşkın kişi işsiz kaldı. Mardin Turizm ve Otelciler Derneği (MARTOD) Başkanı Özgür Azad Güngör, turizmcilerin büyük zorluklar yaşadıklarını vurguladı. Terör, Güneydoğu nun turizm merkezlerinden olan Mardin e büyük darbe vurdu. Çözüm süreciyle birlikte şahlanan kent turizmi",kültürsanat,ekonomi,0.9970520734786988,kültürsanat,0.0019871131516993,0.9950649603269994,False,Otomatik yönlendirme,Ekonomi haberleri editör masası,False,Model tahmine yüksek güven duyuyor ve ikinci tahminle arasındaki fark yeterli. Haber doğrudan Ekonomi haberleri editör masası birimine yönlendirildi.
"BİR GRUP ÖĞRENCİ, BELEDİYE BAŞKANI YILMAZI ZİYARET E Vize ilçesindeki, Adalet Erez İlköğretim Okulu 4 A sınıfı öğrencileri, Belediye Başkanı Selçuk Yılmaz ı makamında ziyaret etti. Öğrenciler, sınıf öğretmenleri Nuri Barış İnce gözetiminde, okulda sosyal bilgiler dersinde yerel yönetimler konusunu işledikten sonra Vize Belediyesine gitti. Öğrenciler, Belediye Zabıta Komiseri Rasim Bahçıvan eşliğin",siyaset,eğitim,0.9961769580841064,kültürsanat,0.0018339594826102,0.9943429986014962,False,Otomatik yönlendirme,Eğitim haberleri editör masası,False,Model tahmine yüksek güven duyuyor ve ikinci tahminle arasındaki fark yeterli. Haber doğrudan Eğitim haberleri editör masası birimine yönlendirildi.
"e İKİ BAŞARILI İŞADAMI, KİLE RESTAURANT DA BULUŞUP SOHBET EHİ! HM ajs5 Türkiye nin önde gelen aydınlatma firmalarından Özartaş Avize nin sahibi Altay Özgen ve Pelit Pastaneleri nin sahibi Selahattin Ayan, Etiler deki Kile Restaurant da buluşup sohbet ettiler. Hayli keyifli bir ortamda geçen buluşmada Altay Özgen ve Selahattin Ayan birbirlerinin başanlı çalışmalarından övgüyle bahsederken gelecek p",magazin,kültürsanat,0.959602415561676,magazin,0.0386469066143035,0.9209555089473724,False,Otomatik yönlendirme,Kültür-sanat editör masası,False,Model tahmine yüksek güven duyuyor ve ikinci tahminle arasındaki fark yeterli. Haber doğrudan Kültür-sanat editör masası birimine yönlendirildi.
"İyi Kitapta bu ay. Eylül ayına girerken okulların açılma hazırlığı tüm hızıyla sürüyor. Bu sayımızda okulda çok yardımcı olacak iki başvuru kitabımız var. Gökyüzünde Neler Oluyor, hava ve iklimle ilgili coğrafya konularını başarılı interaktif tasarımıyla bir oyun kolaylığında anlatırken, Yaşam ve Evren Hakkında Merak Ettiklerimiz bilimsel ve felsefi sorular üzerine düşünmeyi teşvik ediyor. Optimis",sağlık,kültürsanat,0.9971176385879515,sağlık,0.0010616487124934,0.9960559898754582,False,Otomatik yönlendirme,Kültür-sanat editör masası,False,Model tahmine yüksek güven duyuyor ve ikinci tahminle arasındaki fark yeterli. Haber doğrudan Kültür-sanat editör masası birimine yönlendirildi.
"Alınganlar cumhuriyetinin tazminatı ?Hayatla ilgili hassasiyetleri tepesindeki buluttan nem kapmakla sınırlı olan milletimin insanlarına gün doğdu. ?Elinde çekiçle dolaşanların gördüğü her şeyi çiviye benzetmesinden kaynaklanan algılama yapısına sahip olanlar için artık her gün bayram. ?Çünkü bu hassasiyetleri artık onlara para da kazandıracak. ?Yargıtay, Orhan Pamuk un yabancı bir dergiye söyledi",dünya,siyaset,0.9800258874893188,dünya,0.015518213622272,0.9645076738670468,False,Otomatik yönlendirme,Siyaset haberleri editör masası,False,Model tahmine yüksek güven duyuyor ve ikinci tahminle arasındaki fark yeterli. Haber doğrudan Siyaset haberleri editör masası birimine yönlendirildi.
"Muhsin Yazıcıoğlu dualarla anıldı Büyük Birlik Partisinin (BBP) merhum Genel Başkam Muhsin Yazıcıoğlu, Simav ilçesinde dualarla anıldı. BBP Simav İlçe Teşkilatı tarafından Muhsin Yazıcıoğlu anısına Cumhuriyet Meydanında düzenlenen etkinliğe katılanlara pilav ve ayran ikram edildi. Burada, idam cezasının geri gelmesi için başlatılan imza kampanyasına destek istendi. Programda Yazıoğlu için dualar e",kültürsanat,siyaset,0.99923574924469,kültürsanat,0.0003203515079803,0.9989153977367096,False,Otomatik yönlendirme,Siyaset haberleri editör masası,False,Model tahmine yüksek güven duyuyor ve ikinci tahminle arasındaki fark yeterli. Haber doğrudan Siyaset haberleri editör masası birimine yönlendirildi.
"Mel is Mpliii Anlamsız Hipster Lığın da bir sının olmalı, öyle değil mi? Bu fotoğrafa bakınca aklımdan sadece bu geçiyor. Yani beden eğitimi dersinde değilseniz... AVM defink atıyorsanız... Bu kıyafetin anlamı nedir? Bir anlamı yok bence. Sırf karmaşa.",magazin,eğitim,0.9421467185020448,kültürsanat,0.0383186303079128,0.903828088194132,False,Otomatik yönlendirme,Eğitim haberleri editör masası,False,Model tahmine yüksek güven duyuyor ve ikinci tahminle arasındaki fark yeterli. Haber doğrudan Eğitim haberleri editör masası birimine yönlendirildi.
"MHP den GTO ya ziyaret MHP Kocaeli İl Başkanı Aydın Ünlü ve MHP Kocaeli Büyükşehir Belediyesi Başkan Adayı Saffet Sancaklı ile parti teşkilatından üyeler Gebze Ticaret Odası na ziyarette bulundu. Görüşmede, yerel ve ulusal gündemdeki konular karşılıklı olarak değerlendirildi. Adaylık sürecindeki çalışmalarıyla ilgili açıklamalarda bulunan Sancaklı, parti teşkilatında son zamanlarda bir bütünleşme ",ekonomi,siyaset,0.999169945716858,ekonomi,0.0002773672749754,0.9988925784418824,False,Otomatik yönlendirme,Siyaset haberleri editör masası,False,Model tahmine yüksek güven duyuyor ve ikinci tahminle arasındaki fark yeterli. Haber doğrudan Siyaset haberleri editör masası birimine yönlendirildi.
"Ağaoğlu sevgilisinden ayrıldı işadamı Ali Ağaoğlu, 475 bin.liralık Tesla Roadster otomobilini, söz verdikten 43 gün sonra İTÜ ye bağışlarken, Sevgilimden ayrılmış gibi hissediyorum dedi. ? Pınar KARAHAN mm TOMOBİL tutkunu Ali il ? ? Ağaoğlu nun garajındamm m m ki elektrikle çalışan Tes la Roadster, artık resmen İTÜ nün oldu. 21 Şubat ta, İTÜ Endüstri Mühendisliği Öğrenci Sempozyumu tararından Yılı",eğitim,teknoloji,0.9944854378700256,ekonomi,0.0017751372652128,0.9927103006048128,False,Otomatik yönlendirme,Teknoloji haberleri editör masası,False,Model tahmine yüksek güven duyuyor ve ikinci tahminle arasındaki fark yeterli. Haber doğrudan Teknoloji haberleri editör masası birimine yönlendirildi.
"Muş a 5 kütüphane MU istanbul Ticaret Üniversitesi Üretim Araştırmaları Kulübü, Düş Kütüphaneleri Projesi kapsamında Muş taki Farabi imam Hatip Ortaokulu, Hasköy Alparslan Ortaokulu, Korkut 75. Yıl İlkokulu, Varto Anadolu Lisesi ve Malazgirt Şehit Yusuf Ulaş Anadolu imam Hatip Lisesi ne kütüphaneler açtı. Projenin Muş ayağım yötenen Salih Zeki Aydın, beş yıllık kulübün toplam 16 kütüphane kurduğun",eğitim,kültürsanat,0.9803338646888732,eğitim,0.0156819373369216,0.9646519273519516,False,Otomatik yönlendirme,Kültür-sanat editör masası,False,Model tahmine yüksek güven duyuyor ve ikinci tahminle arasındaki fark yeterli. Haber doğrudan Kültür-sanat editör masası birimine yönlendirildi.
"Han Sai Por un eserleri... Singapurlu heykeltıraş Han Sai Por 19 Temmuz 1943 te doğdu. Sırasıyla, East Ham Sanat Koleji, VVolverhampton Sanat Koleji (şimdi VVolverhampton Üniversitesi Sanat ve Dizayn Okulu) ve Lincoln Üniversitesinden,Yeni Zelanda mezun olmuştur. -1997 detam zamanlı sanatçılığa başlamasından önce NAFA, LASALLE-SIA Sanat Koleji ve Ulusal Eğitim Enstitüsü, Nanyang Teknoloji Üniversi",eğitim,kültürsanat,0.998668909072876,magazin,0.0004632260242942,0.9982056830485816,False,Otomatik yönlendirme,Kültür-sanat editör masası,False,Model tahmine yüksek güven duyuyor ve ikinci tahminle arasındaki fark yeterli. Haber doğrudan Kültür-sanat editör masası birimine yönlendirildi.
"AİLE GÜNÜNDE TOPLANDILAR İLAÇ sektöründe faaliyet gösteren Sanofi, çalışanlarını aile günü etkinliğinde bir araya getirdi. Fransız Bahçeleri nde yapılan etkinlikte Sanofi çalışanlarına eşleri, çocukları ve sevdikleri de eşlik etti. Organizasyona İstanbul merkez ofis çalışanları ile İstanbul da ikamet eden saha ekibi ve aileleri olmak üzere toplam 720 kişi katılırken, eş zamanlı olarak Türkiye gene",kültürsanat,ekonomi,0.9891248941421508,kültürsanat,0.0065750437788665,0.9825498503632843,False,Otomatik yönlendirme,Ekonomi haberleri editör masası,False,Model tahmine yüksek güven duyuyor ve ikinci tahminle arasındaki fark yeterli. Haber doğrudan Ekonomi haberleri editör masası birimine yönlendirildi.
"Sanata dijital dokunuş: Digital Revolution Avrupa nın en değerli sanat merkezlerinden Barbıcan Centre ın yarattığı Digital Revolution sergisi, Zorlu Holding in ana sponsorluğunda, Zorlu Performans Sanatları Merkezi nde açıldı. Vestel in de destekçisi olduğu sergi, Londra, Stokholm ve Atina nın hemen ardından istanbul a taşındı. Zorlu PSM nin yeni sergi alanı Sky Lounge da ziyaret edilebilecek Digi",teknoloji,kültürsanat,0.9978867173194884,teknoloji,0.0006893291720189,0.9971973881474696,False,Otomatik yönlendirme,Kültür-sanat editör masası,False,Model tahmine yüksek güven duyuyor ve ikinci tahminle arasındaki fark yeterli. Haber doğrudan Kültür-sanat editör masası birimine yönlendirildi.
"Michael Richard SCHRAML Sheraton LUGAL Hazırlayan: FJiral TEKİNCE btekince@5avunmahaber.com Soldan Sağa: Baden-Württemberg Eyaleti Başbakan Yardımcısı ve Maliye ve Ekonomi Bakanı Nils Schmid, Baden-VVürttemberg Eyaleti Şarap Güzeli, Bayan Erdmann, Bayan Schmid, Türkiye Cumhuriyeti Dışişleri Bakanlığı Müsteşar Vekili Ahmet Muhtar Gün, Almanya Büyükelçisi Martin Erdmann Almanya Mll Günü nde Yakın İl",gündem,dünya,0.9983900785446168,gündem,0.0005836500786244,0.9978064284659922,False,Otomatik yönlendirme,Dünya haberleri editör masası,False,Model tahmine yüksek güven duyuyor ve ikinci tahminle arasındaki fark yeterli. Haber doğrudan Dünya haberleri editör masası birimine yönlendirildi.
KÜRESEL AKTÖR İSTANBUL GLOBAL ACTOR İSTANBUL o Borsa istanbul. İstanbul un küresel finans merkezi olmasına New York ta katkı sağladı. 0 Sorsa İstanbul has contributed in New York Citv to Isianbul s becoming a global financial center. BORSA İSTANBUL OBİLGİİİNFO NEWY0RK 22 23 O İstanbul un bölgesel ve uluslararası bir finans merkezi olması vizyonu doğrultusunda Borsa İstanbul ve İstanbul Finans Merk,teknoloji,ekonomi,0.9986722469329834,teknoloji,0.0005269136163406,0.9981453333166428,False,Otomatik yönlendirme,Ekonomi haberleri editör masası,False,Model tahmine yüksek güven duyuyor ve ikinci tahminle arasındaki fark yeterli. Haber doğrudan Ekonomi haberleri editör masası birimine yönlendirildi.
"Minik Kırgız tarihe geçti Kırgızistanlı 10 yaşındaki Erbol Atabaev, Avrupa, Asya ve Güney Amerika dan gelen 300 gencin arasından seçilerek Barcelona nın altyapısına girmeyi basardı. AZAMATDAMIR BERLİN ? Messi, Ronaldinho, Beckham I gibi dünyaca ünlü futbolcuları yetiştiren Barcelona nın altyapısına ilk kez eski Sovyet ülkelerinden bir minik futbolcu davet edildi. Kırgızistanlı 10 yaşındaki Erbol A",dünya,spor,0.9974241256713868,dünya,0.0018757743528112,0.9955483513185754,False,Otomatik yönlendirme,Spor haberleri editör masası,False,Model tahmine yüksek güven duyuyor ve ikinci tahminle arasındaki fark yeterli. Haber doğrudan Spor haberleri editör masası birimine yönlendirildi.
"Türkiye dünya miras komitesi üyesi Em PHI Türkiye 121 oy alarak, 2013-2017 dönemi için BM Eğitim, Bilim ve Kültür Teşkilatı UNESCO nun önemli organlarından olan Dünya Miras Komitesi üyeliğine seçildi. Türkiye 19 Kasım da gerçekleştirilen seçimlerde 121 oy alarak, 2013-2017 dönemi için BM Eğitim, Bilim ve Kültür Teşkilatı UNESCO nun önemli organlarından olan Dünya Miras Komitesi üyeliğine seçildi. ",dünya,kültürsanat,0.9040576219558716,dünya,0.0907366648316383,0.8133209571242332,False,Otomatik yönlendirme,Kültür-sanat editör masası,False,Model tahmine yüksek güven duyuyor ve ikinci tahminle arasındaki fark yeterli. Haber doğrudan Kültür-sanat editör masası birimine yönlendirildi.
"KempınsKi ye yeni genel müdür Çırağan Palace Kempınski istanbul a, lüks konaklama sektöründe tecrübe sahibi bir ısım olan Ralph Radtke genel müdür olarak atandı. Kempınski grubuna Lüksemburg da bulunan Sofitel Luxury Hotels & Resorts dan transfer olan. 58 yaşındaki Alman vatandaşı Radtke. otel endüstrisinde 30 yıldan fazla profesyonel tecrübeye sahip. Radtke, posizyonu. oteli beş yıldır başarıyla ",kültürsanat,ekonomi,0.9972422122955322,kültürsanat,0.0015410056803375,0.9957012066151948,False,Otomatik yönlendirme,Ekonomi haberleri editör masası,False,Model tahmine yüksek güven duyuyor ve ikinci tahminle arasındaki fark yeterli. Haber doğrudan Ekonomi haberleri editör masası birimine yönlendirildi.
"Kim Olduğunu Keşfetmek İster misin? S Bey in Gücü Chizuru NAGOYA Naturaji ilmi, karmaşık bir sistem uygular ve okuyucunun soru ve yanıt arasında kuracağı mantık bağını devre dışı bırakarak, onun temelindeki gizli kalan yönleri açığa çıkartır. Bu yöntemden kimse kaçamaz. Bundan dolayı, Naturaji bir çeşit büyü ile çalışır ve insanın kendinden kaçmasını engelleyecek yöntemleri kullanır. Naturaji için",sağlık,teknoloji,0.9485891461372375,kültürsanat,0.0273380000144243,0.9212511461228132,False,Otomatik yönlendirme,Teknoloji haberleri editör masası,False,Model tahmine yüksek güven duyuyor ve ikinci tahminle arasındaki fark yeterli. Haber doğrudan Teknoloji haberleri editör masası birimine yönlendirildi.
"Kısırlastır Geçende 2 arkadaşımdan soru geldi, neden kısırlaştırarak yuvalandırdığımıza dair . Açıklayacağım demiştim. Burada açıklayayım ki başka soru işareti olanlar varsa onlara da anlatmış olayım. Sizler bir hayvan evlat edindiğinizde onun cinsel istekleri tatmin olsun, anneliği babalığı tatsın istersiniz. Bunun onların en doğal hakkı olduğunu düşünürsünüz. Halbuki; 1- Hayvanlar bizler gibi se",kültürsanat,sağlık,0.9960634112358092,kültürsanat,0.0019182555843144,0.9941451556514947,False,Otomatik yönlendirme,Sağlık haberleri editör masası,False,Model tahmine yüksek güven duyuyor ve ikinci tahminle arasındaki fark yeterli. Haber doğrudan Sağlık haberleri editör masası birimine yönlendirildi.
"haber Intelligent Hospital Systems, Simeks ile Türkiye deki Tek Yetkili Distribütör Sözleşmesi Yaptığını Duyurdu Hastane ve hastane altyapı çözümleri konusunda uzman Simeks, uluslararası distribütörlük anlaşmalarına bir yenisini daha ekledi. RIVA tam otomatik IV birleştirme (compounder) sistemi üreticisi Intelligent Hospital Systems (IH Systems), 24 Haziran 2014 tarihinde Türkiye-lstanbul merkezli",sağlık,teknoloji,0.99816232919693,gündem,0.0007383372867479,0.997423991910182,False,Otomatik yönlendirme,Teknoloji haberleri editör masası,False,Model tahmine yüksek güven duyuyor ve ikinci tahminle arasındaki fark yeterli. Haber doğrudan Teknoloji haberleri editör masası birimine yönlendirildi.
"J.İ1 Grand Pasha kapılarını açtı Kasım ayından bu yana misafir ağırlayan Akdeniz in en yeni 5 yıldızlı oteli Grand Pasha, şimdiden Girne nin en lüks SPA merkezleri arasındaki yerini aldı. 128 odalı tesis, bir sağlık ve dinçleşme merkezi olarak öne çıkıyor. hotel restaurant & hi-tech Kasım 2013 tarihi itibarı ile misafir ağırlamaya başlayan Grand Pasha Gırne, Akdeniz in incisi Kuzey KıbrısTürk Cumh",kültürsanat,sağlık,0.9949971437454224,kültürsanat,0.0030559240840375,0.9919412196613848,False,Otomatik yönlendirme,Sağlık haberleri editör masası,False,Model tahmine yüksek güven duyuyor ve ikinci tahminle arasındaki fark yeterli. Haber doğrudan Sağlık haberleri editör masası birimine yönlendirildi.
"Açıkhava Reklamcılığı na Dair Limitsiz Seçenek! Açıkhava reklamcılığında kullanılan teknoloji ve ürünlere dair limitsiz seçenek ve olanakların bir araya geldiği tek uluslararası etkinlik SIGN İstanbul, 1-4 Aralık 2011 de Tüyap Fuar ve Kongre Merkezinde açılıyor! Aktüel 2010 yılında 62 ülkeden 18.456 profesyonel ziyaretçi ağırlayan SIGN İstanbul, bu yıl 20.000 profesyonel ziyaretçiyi hedefliyor. Şi",ekonomi,teknoloji,0.9831719398498536,ekonomi,0.010589612647891,0.9725823272019624,False,Otomatik yönlendirme,Teknoloji haberleri editör masası,False,Model tahmine yüksek güven duyuyor ve ikinci tahminle arasındaki fark yeterli. Haber doğrudan Teknoloji haberleri editör masası birimine yönlendirildi.
"Ali Rıza Paşa nın Torunu: Hüseyin Kamil Dilaverler Aynı Zamanda Bir Sanat Tutkunu Hüseyin Kamil Dilaverler in bahanesi Rabia Dilaverler; onun da babası meşhur Ali Rıza Paşa.. Hüseyin Bey, Bahariye de, Bahariye Sanat Galerisi nin bulunduğu binada yaşıyor. Hayatı Ali Rıza 1860 yılında İstanbul da doğdu. Jandarma Binbaşısı Tahir Efendi nin oğludur. 1886 yılında Mekteb-i Harbiye den mezun oldu. 1897 O",dünya,kültürsanat,0.9985675811767578,magazin,0.0005794569151476,0.9979881242616102,False,Otomatik yönlendirme,Kültür-sanat editör masası,False,Model tahmine yüksek güven duyuyor ve ikinci tahminle arasındaki fark yeterli. Haber doğrudan Kültür-sanat editör masası birimine yönlendirildi.
"Croatia receives bids for fighter aircraft 7ı ü!.!ı rı.ı: ;, On 3 oı ılılın thedeadhne for the submıssıon of proposals for a (ightcr aircraft for Croatia epırcd. 75 day satıcı rhey WCH requesıedon20hıly Evaluanon of the proposals recelved ıs expected to nkc tvo nıonths. lookıng aı aıtcraft capabılıtıes thcpartncıshıpwıththcproposıngcountry ıhepnceofıhe packageofTered.andıelated ındustnal co-operat",teknoloji,gündem,0.9903205037117004,teknoloji,0.0069894012995064,0.983331102412194,False,Otomatik yönlendirme,Gündem editör masası,False,Model tahmine yüksek güven duyuyor ve ikinci tahminle arasındaki fark yeterli. Haber doğrudan Gündem editör masası birimine yönlendirildi.
"Bilginin Big 5 i ?Mi İstanbul BilgKlnıversitesi Bilgili Girişimciler Kulübü tarafmdan bugün düzenlenen Big 5 etkinliğinde, farklı sektörlerde faaliyet gösteren 5 şirketin yöneticilerini, o koltukta oturmak için verdikleri sınavları, sektöre bireysel ve kufumsal bakış açılarıyla birlikte girişimcilik hikayelerini anlatacaklar Etkinliğin ardından düzenlenecek kokteylde öğrenciler şirket yöneticileri",ekonomi,eğitim,0.9456182718276978,kültürsanat,0.025961423292756,0.9196568485349416,False,Otomatik yönlendirme,Eğitim haberleri editör masası,False,Model tahmine yüksek güven duyuyor ve ikinci tahminle arasındaki fark yeterli. Haber doğrudan Eğitim haberleri editör masası birimine yönlendirildi.
"Spago ya iki ödül Dünyaca ünlü şef VVolfgang Puck ın Amerika dışında ilk kez İstanbul da açtığı Spago, Time Out İstanbul Yeme İçme Ödüllerinde, halk oylaması sonucunda En İyi Teras ödülüne layık görüldü. 14 Ocak akşamı Zorlu Center PSM de düzenlenen ödül töreni, 15. yılına özel 15 farklı kategoride gerçekleştirildi. Spago İstanbul, mekan, com tarafından düzenlenen ödül töreninde ise, çiftlikten mu",magazin,kültürsanat,0.9906790852546692,magazin,0.0082512907683849,0.9824277944862844,False,Otomatik yönlendirme,Kültür-sanat editör masası,False,Model tahmine yüksek güven duyuyor ve ikinci tahminle arasındaki fark yeterli. Haber doğrudan Kültür-sanat editör masası birimine yönlendirildi.
"Antalya Barosu: KADINI KUCAĞINA İTER A NTALYA Barosu Kadın Hakları lu ndan, Anayasa Mahkemesi nin resmi nikahtan önce yapılan dini nikahın cezalandırılmasına ilişkin hükmü iptal kararı üzerine yapılan açıklamada, dinsel ve geleneksel uygulamaların kötüye kullanılması suretiyle kadınların şiddetin kucağına itilme tehlikesiyle baş başa olduğu belirtildi. Kurul tarafından yapılan yazılı açıklamada, A",dünya,siyaset,0.9937026500701904,eğitim,0.0014435519697144,0.992259098100476,False,Otomatik yönlendirme,Siyaset haberleri editör masası,False,Model tahmine yüksek güven duyuyor ve ikinci tahminle arasındaki fark yeterli. Haber doğrudan Siyaset haberleri editör masası birimine yönlendirildi.
"Iskur dan mesleki eğitim kursları Çanakkale Çalışma ve İş Kurumu İl Müdürlüğü tarafından mesleki eğitim kursu düzenlendi. 02 Haziran - 24 Eylül tarihleri arasında 10 bayan ve 2 bay kursiyerin katılımı ile gerçekleştirilen kursu ziyaret eden Çalışma ve İş Kurumu İl Müdürü Ali Çalışkan, kursiyerlerle sohbet etti. Çalışkan, İlimizde işgücü piyasasının önemli bir bölümünü tarım ve hizmet sektörleri ol",ekonomi,eğitim,0.9943888783454896,ekonomi,0.0042752060107886,0.9901136723347008,False,Otomatik yönlendirme,Eğitim haberleri editör masası,False,Model tahmine yüksek güven duyuyor ve ikinci tahminle arasındaki fark yeterli. Haber doğrudan Eğitim haberleri editör masası birimine yönlendirildi.
"Hafize Yuca Eczacı, iyi bir anlatıcı olmalı. 99 Farmakognozi Ana Bilim Dalı Araştırma Görevlisi En Sevdiği Ders: Farmakognozi En Etkilendiği Hoca: Prof. Dr. Zühal Güvenalp İi Neden eczacılık fakültesini tercih ettiniz? Her zaman sağlık alanında çalışmak istiyordum. Tıp ve eczacılık arasında kalmıştım. Sınav puanıma göre eczacılığı tercih edebiliyordum ve bu şekilde eczacılık fakültesine başladım. ",eğitim,sağlık,0.9817222952842712,eğitim,0.0151542397215962,0.966568055562675,False,Otomatik yönlendirme,Sağlık haberleri editör masası,False,Model tahmine yüksek güven duyuyor ve ikinci tahminle arasındaki fark yeterli. Haber doğrudan Sağlık haberleri editör masası birimine yönlendirildi.
"Gozluk alırken mutlaka garanti belgesine bakılmalı Diyarbakır da optik işiyle uğraşan Ercan Bozkurt, imitasyon gözlükle orijinal gözlüğü ayırt etmenin çok zor olduğunu belirterek, 100 TL nin altında güneş gözlüklerine şüpheyle bakılması ve gözlük alırken mutlaka garanti belgesine bakılmasının gerektiğine dikkat çekti DİYARBAKIR in Sur ilçesinde optik işiyle uğraşan Ercan Bozkurt, güneş ışınlarının",ekonomi,sağlık,0.9822904467582704,ekonomi,0.0090989032760262,0.973191543482244,False,Otomatik yönlendirme,Sağlık haberleri editör masası,False,Model tahmine yüksek güven duyuyor ve ikinci tahminle arasındaki fark yeterli. Haber doğrudan Sağlık haberleri editör masası birimine yönlendirildi.
"HAVUZ KIZLARI Gizem Özdilli ve Fatoş Kabasakal, 22 Temmuz da Kilyos High Beach te düzenlenecek Fashionable Pool Party de DJ lik yapacak. İkili, Selim Akar ın organize ettiği partinin tanıtımı için geçtiğimiz günlerde denizkızı kostümleriyle Güneş Kazdal a poz verdi. Gizem k Özdillı",kültürsanat,magazin,0.996610701084137,kültürsanat,0.0026767856907099,0.993933915393427,False,Otomatik yönlendirme,Magazin editör masası,False,Model tahmine yüksek güven duyuyor ve ikinci tahminle arasındaki fark yeterli. Haber doğrudan Magazin editör masası birimine yönlendirildi.
"Spor Genel Müdürlüğü yapım ihalesi sona erdi NECMETTİN KURUCU SPOR Genel Müdürlüğü 2015 174029 ihale numarasıyla ihaleye çıkarttığı yapım ihalesini açık ihale usulü ile gerçekleştirdi.Ankara Gençlik Hizmetleri ve Spor İl Müdürlüğü 19 Mayıs Spor Kopleksi ulus Altındağ ANKARA adresinde gerçekleşen ihaleye on yedi firma teklif verdi.Kısmi teklifin verilemediği ihalede, yerli malı teklif eden istekli ",spor,ekonomi,0.9969698786735536,spor,0.0011012650793418,0.9958686135942116,False,Otomatik yönlendirme,Ekonomi haberleri editör masası,False,Model tahmine yüksek güven duyuyor ve ikinci tahminle arasındaki fark yeterli. Haber doğrudan Ekonomi haberleri editör masası birimine yönlendirildi.
"RESORT ün otel değerlendirme siteleri yazısı tez konusu oldu RESOgT Dergisi nin 106 ncı sayısındaki Değerlendirme siteleri şans mı tehlike mi? araştırması 7. Lisansüstü Turizm Öğrencileri Araştırma Kongresi nin disiplinlerarası bölümüne tez konusu oldu. Konaklama İşletmeleri Yöneticilerinin Otel Değerlendirme Sitelerine Yönelik Tutumları başlıklı tez çalışması, en iyi bildiri ödülü ne layık görüld",ekonomi,kültürsanat,0.9276718497276306,ekonomi,0.0275362636893987,0.9001355860382318,False,Otomatik yönlendirme,Kültür-sanat editör masası,False,Model tahmine yüksek güven duyuyor ve ikinci tahminle arasındaki fark yeterli. Haber doğrudan Kültür-sanat editör masası birimine yönlendirildi.
"Doğum Gününü Dostlarıyla Kutladı Antalya nın sevilen seslerinde Sefa, doğum gününü Eski Lara Yolu üzerinde ki Park Meyhane de kutladı. Kalabalık bir grup ile doğum gününü kutlayan Sefa Bey in doğum günü pastasının üzerine yazılan espri dikkatlerimizden kaçmadı",kültürsanat,magazin,0.9423075914382936,kültürsanat,0.0560115166008472,0.8862960748374462,False,Otomatik yönlendirme,Magazin editör masası,False,Model tahmine yüksek güven duyuyor ve ikinci tahminle arasındaki fark yeterli. Haber doğrudan Magazin editör masası birimine yönlendirildi.
"Putin nükleer denizaloyı denize indirdi I ÎR-:usya Devlet Başkanı Vladimir Putin kuzey Rusya Severodvinsk limanında Borei-A sınıf nükleer denizaltı Knyaz Vladimir in denize indiriliş törenine katıldı. Denizaltının üzerine geminin ismi ve özelliklerinin yer aldığı plakayı monte eden Putin, nükleer denizaluya şans diledi ve üretiminde emeği geçen çalışanlan kutladı. 2020ye kadar sekiz adet Borei sın",gündem,dünya,0.9831498265266418,gündem,0.014590810984373,0.9685590155422688,False,Otomatik yönlendirme,Dünya haberleri editör masası,False,Model tahmine yüksek güven duyuyor ve ikinci tahminle arasındaki fark yeterli. Haber doğrudan Dünya haberleri editör masası birimine yönlendirildi.
"r#t ip Pool Bistro da bir araya gelen yakın arkadaşlar İsmet, Fazıl, Onur ve Aslı eğlence dolu bir geceyi bir arada geçirdiler. Neşeli olduklan görülen arkadaşların masasından kahkaha hiç eksik olmazken, objektiflerimize renkli kostümlerle poz vererek hatıra fotoğrafi çektirmeyi ihmal etmediler.",kültürsanat,magazin,0.996029496192932,kültürsanat,0.0032571596093475,0.9927723365835844,False,Otomatik yönlendirme,Magazin editör masası,False,Model tahmine yüksek güven duyuyor ve ikinci tahminle arasındaki fark yeterli. Haber doğrudan Magazin editör masası birimine yönlendirildi.
"Senaryo yazarlarına yazılım Günsu UYANIK ? Senaryo yazarları için Türkiye de geliştirilen ilk senarist editör yazılımı Seneditk, 4 Nisan günü İletişim Bilimleri Fakültesinde düzenlenen etkinlikle tanıtıldı. Programı tanıtan Atilla Akkaş Bu program, Anadolu Üniversitesi Sinema ve Televizyon Bölümü tarafından da kullanılmaya karar verildi. Bu program 26 öğretim elemanı ve 50 öğrenci için bilgisayarl",kültürsanat,eğitim,0.984326183795929,kültürsanat,0.0075941677205264,0.9767320160754024,False,Otomatik yönlendirme,Eğitim haberleri editör masası,False,Model tahmine yüksek güven duyuyor ve ikinci tahminle arasındaki fark yeterli. Haber doğrudan Eğitim haberleri editör masası birimine yönlendirildi.
"TSassssI gg sssasss Ot festivali ünlülerin yeme alışkanlıklarını da ortaya çıkardı. Ege otlarını seven ünlü isimler hafta sonunu Alacatı da geçirdi KAHRAM DURAK Yeni Asır Kadın Dünyası standı da ilgigördü. Bugünkü etkinlik ü YIL 6 ncısı düzenlenen Alacat ı . Ot Festivali ünlü isimlerin de ilgisini çekmeyi başardı. Türkiye nin birçok tanınmış ismi l adeta akın etti. Gamze Özçelik, Saba Tüı ğa Rutka",kültürsanat,magazin,0.9964336156845092,kültürsanat,0.0028785434551537,0.9935550722293556,False,Otomatik yönlendirme,Magazin editör masası,False,Model tahmine yüksek güven duyuyor ve ikinci tahminle arasındaki fark yeterli. Haber doğrudan Magazin editör masası birimine yönlendirildi.
"Aktif Eğitimciler İftar yemeğinde buluştu Aktif Eğitimciler Sendikası Eskişehir İl temsilciliği üyeleri aileleriyle birlikte iftarda buluştu. Programa 65 aile katıldı.İl temsilcisi Murat GÜRCAN iftar programına katılan üyelere, eşlerine ve çocuklarına teşriflerinden dolayı teşekkür etti.Bu iftar ailelerin tanışması .kaynaşması adına inşallah gelenekselleşir.Herkesi potansiyel üye olarak gördüğümüz",siyaset,eğitim,0.9799684286117554,siyaset,0.0180846694856882,0.9618837591260672,False,Otomatik yönlendirme,Eğitim haberleri editör masası,False,Model tahmine yüksek güven duyuyor ve ikinci tahminle arasındaki fark yeterli. Haber doğrudan Eğitim haberleri editör masası birimine yönlendirildi.
"bagiK r r Sağlık alanında yapılan küçük teknolojik cihazlar, hayatımıza kocaman yararlar sağlayabiliyor. Sizlere bu küçük ama dikkat çekici ürünlerden bazılarını sunuyoruz. I Ir Sağlıklı yaşamı destekleyen spor uygulamaları ya da akıllı cihazlardan daha önce bahsetmiştik. Konu sağlık olunca olay sadece sporda bitmiyor tabii ki. Hijyen yiyip içtiğiniz şeylerin içeriği, kan değerleri, organların doğ",teknoloji,sağlık,0.9968494772911072,teknoloji,0.0022371667437255,0.9946123105473816,False,Otomatik yönlendirme,Sağlık haberleri editör masası,False,Model tahmine yüksek güven duyuyor ve ikinci tahminle arasındaki fark yeterli. Haber doğrudan Sağlık haberleri editör masası birimine yönlendirildi.
"Suriyeli Öğretmenler Demirtaş la görüştü İslahiye ilçesinde çadır kentteki okulda görev yapan Suriyeli bir grup öğretmen, İlçe Milli Eğitim Müdürü Halil İbrahim Demirtaş ı ziyaret etti. Suriyeli çocukların eğitim gördüğü okul müdürü Abdulhalık Baradey ve beraberindeki bir grup öğretmen, 24 Kasım Öğretmenler Günü nedeniyle İlçe Milli Eğitim Müdürü Halil İbrahim Demirtaş ı ziyaret etti, çiçek sundu.",eğitim,dünya,0.9768150448799132,siyaset,0.0137669593095779,0.9630480855703354,False,Otomatik yönlendirme,Dünya haberleri editör masası,False,Model tahmine yüksek güven duyuyor ve ikinci tahminle arasındaki fark yeterli. Haber doğrudan Dünya haberleri editör masası birimine yönlendirildi.
"Girandola dan Mevsimsel Dondurmalar... Girandola, Bodrum mandalina, tarçın elma, bitter, naneli after eıght, karpuzlu, yoğurtlu, bal kabağı gibi her sezon mevsimine özel ev yapımı doğal dondurmalarıyla dikkat çekiyor. Mekana girdiğiniz anda enfes dondurma ve cıvıl cıvıl görüntüsüyle yazı yaşatan Girandola, yediden yetmişe herkesin vazgeçilmez tercihi oluyor. Ünlü İtalyan dondurmacısı Girandola, fa",magazin,kültürsanat,0.9977647066116332,magazin,0.0014281853800639,0.9963365212315692,False,Otomatik yönlendirme,Kültür-sanat editör masası,False,Model tahmine yüksek güven duyuyor ve ikinci tahminle arasındaki fark yeterli. Haber doğrudan Kültür-sanat editör masası birimine yönlendirildi.
"1 dakikada Boğaziçi ?İH Boğaziçi Üniversitesi Facebook sayfası üzerinden bir yarışma daha başlattı. Peki sence neden Boğaziçi en iyisi? sorusunun 1 dakikalık videoyla anlatılması isteniyor. Çağrı şöyle: Eğer sen de Boğaziçi nin en iyisi olduğunu düşünüyorsan; Aşık olduğun, çimlerinde yattığın, manzarada hayat bulduğun, kedileriyle arkadaş olduğun, çocuk olduğun, genç olduğun, öğrenci olduğun, ağla",kültürsanat,eğitim,0.9624082446098328,kültürsanat,0.0258105732500553,0.9365976713597776,False,Otomatik yönlendirme,Eğitim haberleri editör masası,False,Model tahmine yüksek güven duyuyor ve ikinci tahminle arasındaki fark yeterli. Haber doğrudan Eğitim haberleri editör masası birimine yönlendirildi.
"ğ! a ı&tf beşinci durak: Dünyaya yayılmış, Türkiye kökenli ilk ve tek Yoga merkezi olan Yoga Academy, Gerçek Yoga nın tek adresi ve Türkiye nin gururudur! Yoga Academy Cihangir, Avrupa ve İstanbul un kalbinde insanlığa hizmet için kurulmuştur. Amacımız Orijinal Yoga Sistemi tekniklerini topluma sunabilmek ve insanlığın içindeki koşulsuz sevgiyi uyandırabilmektir. Yosa Academy Cihansir Merkez de, O",eğitim,sağlık,0.99899822473526,kültürsanat,0.000345910229953,0.998652314505307,False,Otomatik yönlendirme,Sağlık haberleri editör masası,False,Model tahmine yüksek güven duyuyor ve ikinci tahminle arasındaki fark yeterli. Haber doğrudan Sağlık haberleri editör masası birimine yönlendirildi.
"ORNITO Günlük Mizah Sayfası Ekimiz KAMPÜS ü İstemeyi Unutmayınız! Mmgİ KILAVUZ HOCAMIZ KARGA İBRAHAM Kılavuzu karga olanın burnu boktan kurtulmaz! lafı büyük bir yalandır. Zerre Tozparçası (yaş 25): Hocam, 2 yıllık normal Halkla İlişkiler bölümünü bitirdim ve Açıköğretim İşletme 3. sınıfa geçiş yaptım, şu an açıktan İşletme okuyorum. Halkla İlişkiler mezunu olduğumda diploma almış idim, ee şimdi a",siyaset,eğitim,0.9983730316162108,kültürsanat,0.0006369554903358,0.9977360761258752,False,Otomatik yönlendirme,Eğitim haberleri editör masası,False,Model tahmine yüksek güven duyuyor ve ikinci tahminle arasındaki fark yeterli. Haber doğrudan Eğitim haberleri editör masası birimine yönlendirildi.
"Moda sokağına ilgi artıyor ANKARA Kızılay da bu yıl Haziran ayında açılışı yapılan Moda Sokağı na ilgi artıyor. Yıllardır boş olan Kızılay daki ünlü gökdelenin (Kahramanlar İş Merkezi) altında hizmete açılan Moda Sokağı yetkilileri ve esnafıyla Ticari Hayat gazetesi olarak konuştuk. İçinde outlet alışveriş, yöresel ürünler, kafeler ve sokak mağazalarının yer aldığı Ankara nın ilk sokak konseptli m",ekonomi,kültürsanat,0.9983925223350524,ekonomi,0.0005556782125495,0.997836844122503,False,Otomatik yönlendirme,Kültür-sanat editör masası,False,Model tahmine yüksek güven duyuyor ve ikinci tahminle arasındaki fark yeterli. Haber doğrudan Kültür-sanat editör masası birimine yönlendirildi.
"Ritmi hissediyor musun? Müzik neden bazı insanları harekete geçirir de bazıları için bir şey ifade etmez? Kimisi cool caz dinleyerek gevşemeyi tercih eder, kimisi de sert tekno ritimleriyle kendinden geçmeyi. Bir başkasının ise bir klasik müzik konserinde aldığı keyifle sırtından aşağı hoş bir ürperti iner. Bazısı için bir işkence olabilir ama arabesk de pek çok kişiye ilham verir! Müziğin etkilem",kültürsanat,sağlık,0.9783066511154176,kültürsanat,0.0163338016718626,0.9619728494435548,False,Otomatik yönlendirme,Sağlık haberleri editör masası,False,Model tahmine yüksek güven duyuyor ve ikinci tahminle arasındaki fark yeterli. Haber doğrudan Sağlık haberleri editör masası birimine yönlendirildi.
"Strese çare MISIR Okul başladı, dersler tam gaz gidiyor. Bir yandan aile özlemi, bir yandan sevgiliyle tartışmalar derken hayatınızdaki stres oranı da hızla aratabilir. Ancak panik yapmayın uzmanlar strese çarenin mısır olduğunu belirtiyor. Mısır, stresi azaltıp enerji veriyor, hafızayı güçlendiriyor. Diğer yandan B1, B3, B5, C, patotonik asit vitamini, folat, niasin vitaminini ile fosfor ve magne",kültürsanat,sağlık,0.9983400106430054,kültürsanat,0.0006159777403809,0.9977240329026243,False,Otomatik yönlendirme,Sağlık haberleri editör masası,False,Model tahmine yüksek güven duyuyor ve ikinci tahminle arasındaki fark yeterli. Haber doğrudan Sağlık haberleri editör masası birimine yönlendirildi.
"Yeni Türkiye den aforizmalar! Dün dündür, bugün bugündür, yarını düşünmek bile istemiyorum. YENİLEN MİLLETVEKİLİ dayağa doymazmış. Bedava sarılma ya her zamankinden çok ihtiyaç duyduğumuz... Gülse Birsel gbirsel@hurriyet,aorntr Biraz zamana uyun, yeniliğe, gelişime ayak uydurun yav, Bildiklerinizi unutun sayın vatandaşlar. Siyaset, Meclis, sokaklar, memleket eskisi gibi değil. Buyrun size geçerlil",dünya,siyaset,0.9993070363998412,kültürsanat,0.0002383198443567,0.9990687165554846,False,Otomatik yönlendirme,Siyaset haberleri editör masası,False,Model tahmine yüksek güven duyuyor ve ikinci tahminle arasındaki fark yeterli. Haber doğrudan Siyaset haberleri editör masası birimine yönlendirildi.
"YÖK öğrencilerle kültür sanatta buluşacak YÖK, sık sık protestolarına maruz kaldığı öğrencilerle daha özgür ortamda buluşabilmek için üniversitelerde Kültür-Sanat Söyleşileri düzenleyecek YÜKSEKÖĞRETİM Kurulu (YÖK), sık sık protestolarına maruz kaldığı öğrencilerle daha özgür ortamda buluşabilmek için üniversitelerde Kültür-Sanat Söyleşileri düzenleyecek. YÖK yetkilerinden alman bilgiye göre, kamu",eğitim,kültürsanat,0.9918319582939148,eğitim,0.0052210050635039,0.9866109532304108,False,Otomatik yönlendirme,Kültür-sanat editör masası,False,Model tahmine yüksek güven duyuyor ve ikinci tahminle arasındaki fark yeterli. Haber doğrudan Kültür-sanat editör masası birimine yönlendirildi.
"Kayserililerin katkı gösterdiği bir yurt oldu Mavi Marmara olayında şehit olan Furkan Doğan ın ismi verilen ve yaklaşık 7 milyon TL ye mal olan 300 öğrenci kapasiteli Şehit Furkan Doğan Öğrenci Yurdu, S yıldızlı otel konforunda verdiği hizmet ile öğrencilerin en çok tercih ettiği yurt oldu. MAVİ MARMARA DAKI OLAYDAN SONRA KENDİSİ ADİNA BÖYLE BİR İNŞAAT YAPILMASI UYGUN GÖRÜLDÜ ilim Yayma Cemiyeti B",siyaset,eğitim,0.9987545013427734,siyaset,0.0005658324225805,0.9981886689201928,False,Otomatik yönlendirme,Eğitim haberleri editör masası,False,Model tahmine yüksek güven duyuyor ve ikinci tahminle arasındaki fark yeterli. Haber doğrudan Eğitim haberleri editör masası birimine yönlendirildi.
"HUZURA HOS GELDİNİZ! Belek, Romalılardan kalma su terapilerinde de iddialı. Son yıllarda yapılan Wellness-SPA yatınmlunyla sağlık ve güzellik turizmi sektöründe marka olma yolunda, hızla ilerliyor. Güzel bir müzik, hoş kokular ve farklı dekor... Huzura hoş geldiniz. Belek; deniz, doğa, golf turizmi kadar SPA da da iddialı. Turizmin mucizevi adresi Belek. SPA merkezleri ile suyun kullanımından gele",kültürsanat,sağlık,0.9990668892860411,kültürsanat,0.00034518839675,0.9987217008892912,False,Otomatik yönlendirme,Sağlık haberleri editör masası,False,Model tahmine yüksek güven duyuyor ve ikinci tahminle arasındaki fark yeterli. Haber doğrudan Sağlık haberleri editör masası birimine yönlendirildi.
"17:14 eeri Mustafa Kemal Atatürk Mustafa Kemal Atatürk Türkiye Cumhuriyeti 1. Cumhurbaşkanı Başlangıç 29 Ekim 1923 Bitiş 10 Kasım 1938 sure 15 yıl 12 günv IBAN Doğrulayıcı IBAN Doğrulayıcı, elinizdeki IBAN numaralarının doğruluğundan kolaylıkla emin olmanızı sağlar. Uygulama ile 60 dan fazla ülkede kullanılan IBAN numaralarını doğrulayabilirsiniz. Türkiye ve bazı ülkeler için hesabın hangi bankaya",teknoloji,siyaset,0.9901905059814452,dünya,0.0040041394531726,0.9861863665282726,False,Otomatik yönlendirme,Siyaset haberleri editör masası,False,Model tahmine yüksek güven duyuyor ve ikinci tahminle arasındaki fark yeterli. Haber doğrudan Siyaset haberleri editör masası birimine yönlendirildi.
"Her bütçeye tNLokum com, yeni yıl sofralarına lezzet katacak paketler hazırladı Her bütçeye ve zevke uygun bu paketler içinde pastırmadan peynir çeşitlerine, lokumdan kuruyemişe pek çok urun bulunuyor Paketlerin fiyatları 49 90 TL ile 99 90 TL arasında değişiyor. çk I",kültürsanat,ekonomi,0.953532338142395,kültürsanat,0.0410823039710521,0.9124500341713428,False,Otomatik yönlendirme,Ekonomi haberleri editör masası,False,Model tahmine yüksek güven duyuyor ve ikinci tahminle arasındaki fark yeterli. Haber doğrudan Ekonomi haberleri editör masası birimine yönlendirildi.
"Milletvekilleri ile lordlar arasında halat çekme yarışması renkli görüntülere sahne oldı &. 0 1 % LONDRA - Londra da milletvekilleri ile lordlar. halat çekme oyununda birbirleriyle mücadele etti. Tarihi parlamento binasının yanındaki VVestmİnster Katedı .ilinin hahçesinde bu yıl 27 neisi yapılan yarışına, renkli görüntülere sahne oldu. Geleneksel olarak her yıl Parlamentonun üst kanadındaki lordla",kültürsanat,dünya,0.9983307719230652,kültürsanat,0.0007710886420682,0.997559683280997,False,Otomatik yönlendirme,Dünya haberleri editör masası,False,Model tahmine yüksek güven duyuyor ve ikinci tahminle arasındaki fark yeterli. Haber doğrudan Dünya haberleri editör masası birimine yönlendirildi.
